file,library,model,valid,time_seconds,errors,warnings,source,cpg_file,has_cpg,has_ground_truth,correct,expected_valid,error_match,warning_match
USPSTFStatinUseForPrimaryPreventionOfCVDInAdultsSharedLogicFHIRv401.json,USPSTFStatinUseForPrimaryPreventionOfCVDInAdultsSharedLogicFHIRv401,llama-3.3-70b,True,1.2799403667449951,,,groq,USPSTF_Statin_Use_CPG.md,True,True,True,True,,
Condition_and_Medication_Count_FHIRv401.json,Condition_and_Medication_Count_FHIRv401,llama-3.3-70b,True,0.8346335887908936,,,groq,Condition_Medication_Count_CPG.md,True,True,True,True,,
Chlamydia_Screening_Common_CQL.json,ChlamydiaScreening_CDS_UsingCommon,llama-3.3-70b,True,0.7828981876373291,,,groq,Chlamydia_Screening_CPG.md,True,True,True,True,,
Adult-Weight-Screening-and-Follow-Up-OpenEMR.json,Adult-Weight-Screening-and-Follow-Up-OpenEMR,llama-3.3-70b,True,0.41042637825012207,,,groq,Adult-Weight-Screening-and-Follow-Up-OpenEMR_CPG.md,True,True,True,True,,
Breast-Cancer-Screening-OpenEMR.json,Breast-Cancer-Screening-OpenEMR,llama-3.3-70b,True,0.6808178424835205,,,groq,Breast-Cancer-Screening-OpenEMR_CPG.md,True,True,True,True,,
Colon-Cancer-Screening-OpenEMR.json,Colon-Cancer-Screening-OpenEMR,llama-3.3-70b,True,0.7895994186401367,,,groq,Colon-Cancer-Screening-OpenEMR_CPG.md,True,True,True,True,,
Prostate-Cancer-Screening-OpenEMR.json,Prostate-Cancer-Screening-OpenEMR,llama-3.3-70b,True,0.9129993915557861,,,groq,Prostate-Cancer-Screening-OpenEMR_CPG.md,True,True,True,True,,
Depression_screening.json,DepressionScreening_CDS,llama-3.3-70b,True,0.9205529689788818,,,groq,Depression_screening_CPG.md,True,True,True,True,,
Osteoporosis screening.json,Osteoporosis_Screening_CDS,llama-3.3-70b,True,1.0942893028259277,,,groq,Osteoporosis-Screening_CPG.md,True,True,True,True,,
Hypertension-Screening.json,Hypertension-Screening,llama-3.3-70b,False,0.7825651168823242,; Age threshold mismatch: ELM (25 years) vs. CPG (18 years); Time interval mismatch: ELM (6 months) vs. CPG (1 year or 12 months),,groq,Hypertension-Screening_CPG.md,True,True,True,False,,
Statin-Therapy-for-CVD-Prevention.json,Statin-Therapy-for-CVD-Prevention,llama-3.3-70b,False,0.8073122501373291,The upper age limit in the ELM implementation (80 years) does not match the CPG requirement (85 years).,,groq,Statin-Therapy-for-CVD-Prevention_CPG.md,True,True,True,False,,
Type-2-Diabetes-Diagnosis.json,Type-2-Diabetes-Diagnosis,llama-3.3-70b,False,1.6262104511260986,"; The HbA1c threshold is not explicitly stated in the ELM summary for direct comparison.; The time interval or lookback period mentioned in the ELM summary (""9 g%"") is unclear and does not match any specified requirement in the CPG.",,groq,Type-2-Diabetes-Diagnosis_CPG.md,True,True,True,False,,
Cervical-Cancer-Screening.json,Cervical_Cancer_Screening_CDS,llama-3.3-70b,True,0.7760412693023682,,,groq,Cervical-Cancer-Screening_CPG.md,True,True,True,True,,
Lung-Cancer-Screening.json,Lung_Cancer_Screening_CDS,llama-3.3-70b,False,1.210843563079834,; Lack of explicit mention of 20 pack-years smoking history in the ELM implementation.; Lack of explicit mention of the 15-year timeframe since quitting smoking in the ELM implementation.,,groq,Lung-Cancer-Screening_CPG.md,True,True,False,True,,
AAA-Screening.json,AAA_Screening_CDS,llama-3.3-70b,True,1.2883694171905518,,,groq,AAA-Screening_CPG.md,True,True,True,True,,
Alcohol-Misuse-Screening.json,Alcohol_Misuse_Screening_CDS,llama-3.3-70b,True,0.7484099864959717,,,groq,Alcohol-Misuse-Screening_CPG.md,True,True,True,True,,
Falls-Prevention-Screening.json,Falls_Prevention_Screening_CDS,llama-3.3-70b,True,0.8074824810028076,,,groq,Falls-Prevention-Screening_CPG.md,True,True,True,True,,
Tobacco-Use-Screening.json,Tobacco_Use_Screening_CDS,llama-3.3-70b,True,0.5151767730712891,,,groq,Tobacco-Use-Screening_CPG.md,True,True,True,True,,
Colorectal-Cancer-Average-Risk-Screening.json,Colorectal_Cancer_AverageRisk_Screening_CDS,llama-3.3-70b,False,0.7355661392211914,; The minimum age in the ELM implementation (60 years) does not match the CPG requirement (45 years).; The lookback period for recent colorectal screening in the ELM implementation (2 years) does not match the CPG requirement (1 year).,,groq,Colorectal-Cancer-Average-Risk-Screening_CPG.md,True,True,True,False,,
Anxiety-Screening.json,Anxiety_Screening_CDS,llama-3.3-70b,False,0.7667429447174072,The lookback period in the ELM implementation (6 months) does not match the CPG requirement (1 year or 12 months).,,groq,Anxiety-Screening_CPG.md,True,True,True,False,,
HIV-Screening.json,HIV_Screening_CDS,llama-3.3-70b,False,1.1278467178344727,The age threshold in the ELM implementation (30 years) does not match the age range specified in the CPG requirements (15 to 65 years).,,groq,HIV-Screening_CPG.md,True,True,True,False,,
Prediabetes-Obesity-Screening.json,Prediabetes_Obesity_Screening_CDS,llama-3.3-70b,False,1.2451021671295166,; The BMI threshold in ELM (35 kg/m2) does not match the CPG requirement (25 kg/m2).; The lookback period in ELM (1 year) does not match the CPG requirement (3 years).,,groq,Prediabetes-Obesity-Screening_CPG.md,True,True,True,False,,
Cervical-Cancer-Screening-WrongAge.json,Cervical_Cancer_Screening_CDS,llama-3.3-70b,False,0.7328627109527588,The lower age threshold in the ELM implementation (30 years) does not match the CPG requirement (21 years).,,groq,Cervical-Cancer-Screening_CPG.md,True,True,True,False,,
Depression-Screening-WrongLookback.json,DepressionScreening_CDS,llama-3.3-70b,False,1.1682417392730713,The lookback period for recent depression screenings (3 months in ELM vs. 1 year in CPG) does not match.,,groq,Depression_screening_CPG.md,True,True,True,False,,
Falls-Prevention-WrongAge.json,Falls_Prevention_Screening_CDS,llama-3.3-70b,False,1.3277127742767334,"The age threshold in the ELM implementation is set to 75 years, which does not match the CPG requirement of 65 years.",,groq,Falls-Prevention-Screening_CPG.md,True,True,True,False,,
Alcohol-Misuse-WrongAge.json,Alcohol_Misuse_Screening_CDS,llama-3.3-70b,False,0.8212831020355225,The age threshold in the ELM implementation (25 years) does not match the CPG requirement (18 years).,,groq,Alcohol-Misuse-Screening_CPG.md,True,True,True,False,,
Osteoporosis-WrongLookback.json,Osteoporosis_Screening_CDS,llama-3.3-70b,False,0.8324062824249268,The time interval (lookback period) for a recent DEXA scan in the ELM implementation (6 months) does not match the CPG requirement (2 years).,,groq,Osteoporosis-Screening_CPG.md,True,True,True,False,,
AAA-Screening-WrongAge.json,AAA_Screening_CDS,llama-3.3-70b,False,0.8471922874450684,The lower age threshold in the ELM implementation (55 years) does not match the CPG requirement (65 years).,,groq,AAA-Screening_CPG.md,True,True,True,False,,
Breast-Cancer-WrongOperator.json,Breast-Cancer-Screening-OpenEMR,llama-3.3-70b,True,0.8770277500152588,,,groq,Breast-Cancer-Screening-OpenEMR_CPG.md,True,True,False,False,,
Tobacco-Missing-Exclusion.json,Tobacco_Use_Screening_CDS,llama-3.3-70b,True,0.8115248680114746,,,groq,Tobacco-Use-Screening_CPG.md,True,True,False,False,,
Lung-Cancer-Missing-SubPopulation.json,Lung_Cancer_Screening_CDS,llama-3.3-70b,False,1.858499526977539,"None based on the provided numeric values, but the summary lacks explicit details on pack-years and the quit smoking timeframe, which are essential for a complete validation.",,groq,Lung-Cancer-Screening_CPG.md,True,True,True,False,,
